method,validity_rate,avg_confidence,avg_l2_distance,avg_euclidean_dist_zscore,avg_manhattan_distance,avg_pct_changed,avg_normalized_distance,avg_l0_norm,avg_compactness,avg_temporal_consistency,avg_range_validity,avg_autocorr_preservation,avg_dtw_distance,avg_validity,avg_sparsity,avg_keane_validity,avg_keane_proximity,avg_keane_compactness,avg_time
distance_n1_cycle,100.0,0.6677130460739136,17.477505564689636,123.49369239807129,754.4882545471191,100.0,0.10880423355324513,5120.0,0.06442871093750001,1.0,0.93759765625,0.7502375298516958,nan,1.0,0.0,1.0,17.477505564689636,0.06442871093750001,0.6439429521560669
multi_nun_cycle_n2,100.0,0.6963059641420841,17.076839208602905,120.59247016906738,740.188060760498,100.0,0.10613444850645518,5120.0,0.06689453125,1.0,0.938037109375,0.7084601718173182,nan,1.0,0.0,1.0,17.076839208602905,0.06689453125,0.6778863370418549
multi_nun_closest_n2,100.0,0.6486716344952583,18.46776807308197,132.5059471130371,792.2738952636719,99.99755859375,0.1165645467161754,5119.875,0.060473632812500004,1.0,0.9334960937500001,0.7043741008951246,nan,1.0,2.441406250000555e-05,1.0,18.46776807308197,0.060473632812500004,0.7084978222846985
multi_nun_cycle_n3,100.0,0.7271477431058884,16.240604400634766,114.1671028137207,709.4730415344238,100.0,0.100651723324967,5120.0,0.0709716796875,1.0,0.943310546875,0.8018284898194182,nan,1.0,0.0,1.0,16.240604400634766,0.0709716796875,0.5843337178230286
multi_nun_closest_n3,100.0,0.6171752586960793,18.619372963905334,133.48527145385742,794.0399703979492,99.99755859375,0.11763429960924454,5119.875,0.0611083984375,1.0,0.9329833984375,0.7177554354335989,nan,1.0,2.441406250000555e-05,1.0,18.619372963905334,0.0611083984375,0.5762723982334137
multi_nun_cycle_n5,100.0,0.6764192953705788,16.169600129127502,115.0292272567749,696.3987503051758,100.0,0.10152167682190921,5120.0,0.07465820312499999,1.0,0.9425292968750001,0.7610871188006312,nan,1.0,0.0,1.0,16.169600129127502,0.07465820312499999,0.6895365118980408
multi_nun_closest_n5,100.0,0.6251892521977425,17.929351210594177,125.7388334274292,765.1434211730957,100.0,0.11138216433238875,5120.0,0.0647705078125,1.0,0.9344482421875,0.804325832306911,nan,1.0,0.0,1.0,17.929351210594177,0.0647705078125,0.5751247107982635
