method,validity_rate,avg_confidence,avg_l2_distance,avg_euclidean_dist_zscore,avg_manhattan_distance,avg_pct_changed,avg_normalized_distance,avg_l0_norm,avg_compactness,avg_temporal_consistency,avg_range_validity,avg_autocorr_preservation,avg_dtw_distance,avg_validity,avg_sparsity,avg_keane_validity,avg_keane_proximity,avg_keane_compactness,avg_time
distance,100.0,0.6677130460739136,17.477505564689636,123.49369239807129,754.4882545471191,100.0,0.10880423355324513,5120.0,0.06442871093750001,1.0,0.93759765625,0.7502375298516958,nan,1.0,0.0,1.0,17.477505564689636,0.06442871093750001,0.5571852326393127
fingerprint,100.0,0.6677130460739136,17.477505564689636,123.49369239807129,754.4882545471191,100.0,0.10880423355324513,5120.0,0.06442871093750001,1.0,0.93759765625,0.7502375298516958,nan,1.0,0.0,1.0,17.477505564689636,0.06442871093750001,0.511720210313797
variance,100.0,0.6422929614782333,9.729245722293854,64.31386756896973,444.4604911804199,99.92919921875,0.056988643396102566,5116.375,0.11005859374999999,1.0,0.9755371093749999,0.953823028527409,nan,1.0,0.0007080078125000083,1.0,9.729245722293854,0.11005859374999999,1.4568643271923065
extremes,100.0,0.6032304763793945,13.475764334201813,90.6358642578125,601.7943305969238,100.0,0.08035287677436555,5120.0,0.081591796875,1.0,0.9585205078125,0.6337996358575151,nan,1.0,0.0,1.0,13.475764334201813,0.081591796875,1.1374901831150055
maxmin,25.0,0.6200075745582581,17.576757431030273,95.52437591552734,822.8926391601562,100.0,0.06573390654768935,5120.0,0.057226562499999994,1.0,0.92265625,0.0,nan,1.0,0.0,0.25,23.129437923431396,0.052880859375,1.2265995144844055
coarse_to_fine,100.0,0.6659496203064919,15.847474545240402,105.28667402267456,704.397946357727,100.0,0.09173521140609056,5120.0,0.059179687499999994,1.0,0.9441650390625,0.871590843263437,nan,1.0,0.0,1.0,15.847474545240402,0.059179687499999994,1.1267705857753754
