method,n_total,validity_rate,elapsed_mean,l2_norm_mean,dtw_proximity_mean,normalized_distance_mean,sparsity_mean,range_validity_mean,autocorr_mean,keane_validity_mean,keane_proximity_mean,keane_compactness_mean,temporal_consistency_mean,confidence_mean
glacier,50,1.0,1.7064489936828613,8.788145318031312,,0.04840004486892336,0.00038671875000000354,0.9357265625,0.9601105740468218,1.0,8.788145318031312,0.6462617187499999,1.0,0.5758959305286407
imfact_default,50,1.0,0.46956071376800534,18.861902632713317,,0.10399144181604428,3.906250000000888e-06,0.9389375,0.6851821970638398,1.0,18.861902632713317,0.0631484375,1.0,0.4351144796609879
native_guide,50,1.0,9.013427085876465,20.843204498291016,,0.1160012061068732,0.41025781250000004,0.921984375,0.8373614706928437,1.0,20.843204498291016,0.4341171875,1.0,0.4562988758087158
wachter,50,0.58,3.9430788230895994,14.750620718660025,,0.06549742335117317,2.693965517241992e-05,0.9474339978448276,0.8248069896928726,1.0,14.750620718660025,0.16380657327586207,1.0,0.47312889736274194
