method,validity_rate,avg_confidence,avg_l2_distance,avg_euclidean_dist_zscore,avg_manhattan_distance,avg_pct_changed,avg_normalized_distance,avg_l0_norm,avg_compactness,avg_temporal_consistency,avg_range_validity,avg_autocorr_preservation,avg_dtw_distance,avg_validity,avg_sparsity,avg_keane_validity,avg_keane_proximity,avg_keane_compactness,avg_time
distance_n1_cycle,100.0,0.7050062492489815,0.7531494251452386,50.62061986327171,39.39779807627201,99.955,0.10083226685215115,4997.75,0.74705,1.0,0.993375,0.9905935007711181,nan,1.0,0.0004499999999999921,1.0,0.7531494251452386,0.74705,0.5867913365364075
multi_nun_cycle_n2,100.0,0.818600095808506,0.7138179261237383,51.71520382165909,36.838235542178154,99.94000000000001,0.0991823461456437,4997.0,0.7573,1.0,0.9962500000000001,0.9964737735693163,nan,1.0,0.0005999999999999894,1.0,0.7138179261237383,0.7573,0.5771406590938568
multi_nun_closest_n2,100.0,0.7668066024780273,0.7812953791581094,55.60876950621605,40.826401486992836,99.94749999999999,0.1086078913827038,4997.375,0.7312000000000001,1.0,0.9924,0.997323839931007,nan,1.0,0.0005249999999999977,1.0,0.7812953791581094,0.7312000000000001,0.5906895101070404
multi_nun_cycle_n3,100.0,0.86887326836586,0.6958135832101107,51.53614813089371,36.26347713172436,99.9475,0.09868028360276798,4997.375,0.7484,1.0,0.9964500000000001,0.9935632387661955,nan,1.0,0.0005249999999999838,1.0,0.6958135832101107,0.7484,0.5290018916130066
multi_nun_closest_n3,100.0,0.7567441835999489,0.6980798891745508,51.90740832686424,35.453176751732826,99.9425,0.09913764368737227,4997.125,0.75985,1.0,0.9967999999999999,0.9947945039843631,nan,1.0,0.0005749999999999922,1.0,0.6980798891745508,0.75985,0.5617464780807495
multi_nun_cycle_n5,100.0,0.8659830465912819,0.7388569470494986,52.977434694767,38.00310020148754,99.9525,0.101270800906671,4997.625,0.7496,1.0,0.995225,0.9754696556279567,nan,1.0,0.0004749999999999893,1.0,0.7388569470494986,0.7496,0.5842560827732086
multi_nun_closest_n5,100.0,0.7075568288564682,0.686987807508558,51.48260459303856,34.87729574739933,99.94,0.09806677368318262,4997.0,0.76145,1.0,0.9967999999999999,0.9945787018032227,nan,1.0,0.0005999999999999894,1.0,0.686987807508558,0.76145,0.6182319819927216
