method,validity_rate,avg_confidence,avg_l2_distance,avg_euclidean_dist_zscore,avg_manhattan_distance,avg_pct_changed,avg_normalized_distance,avg_l0_norm,avg_compactness,avg_temporal_consistency,avg_range_validity,avg_autocorr_preservation,avg_dtw_distance,avg_validity,avg_sparsity,avg_keane_validity,avg_keane_proximity,avg_keane_compactness,avg_time
distance,100.0,0.7050062492489815,0.7531494251452386,50.62061986327171,39.39779807627201,99.955,0.10083226685215115,4997.75,0.74705,1.0,0.993375,0.9905935007711181,nan,1.0,0.0004499999999999921,1.0,0.7531494251452386,0.74705,0.6364441215991974
fingerprint,100.0,0.7050062492489815,0.7531494251452386,50.62061986327171,39.39779807627201,99.955,0.10083226685215115,4997.75,0.74705,1.0,0.993375,0.9905935007711181,nan,1.0,0.0004499999999999921,1.0,0.7531494251452386,0.74705,0.613603264093399
variance,100.0,0.7630719840526581,0.7868446283973753,51.390278577804565,40.76460841298103,99.95750000000001,0.10444655053365315,4997.875,0.7375,1.0,0.995925,0.9947540775867276,nan,1.0,0.00042499999999998095,1.0,0.7868446283973753,0.7375,0.9091546535491943
extremes,100.0,0.6718630492687225,0.7491900259628892,51.27308255434036,39.15633770823479,99.94749999999999,0.10109694866259185,4997.375,0.75225,1.0,0.993425,0.9875353601318783,nan,1.0,0.0005249999999999977,1.0,0.7491900259628892,0.75225,1.2198036313056946
maxmin,100.0,0.6820075586438179,0.7918242737650871,53.81320363283157,41.00174817442894,99.975,0.10624244448244208,4998.75,0.723175,1.0,0.993625,0.9903565508637211,nan,1.0,0.0002500000000000002,1.0,0.7918242737650871,0.723175,0.44837331771850586
coarse_to_fine,100.0,0.6630062162876129,0.6898044259287417,44.56072402000427,35.901964992284775,99.9475,0.09220883909106038,4997.375,0.7524500000000001,1.0,0.9951000000000001,0.9932699736505946,nan,1.0,0.0005249999999999977,1.0,0.6898044259287417,0.7524500000000001,0.8334128260612488
