method,n_total,validity_rate,elapsed_mean,l2_norm_mean,dtw_proximity_mean,normalized_distance_mean,sparsity_mean,range_validity_mean,autocorr_mean,keane_validity_mean,keane_proximity_mean,keane_compactness_mean,temporal_consistency_mean,confidence_mean
glacier,10,0.2,2.334688973426819,4.456434011459351,,0.45310204047785907,0.0,0.0049,0.0,1.0,4.456434011459351,0.011,1.0,0.5761169195175171
imfact_default,10,1.0,0.2777894973754883,0.8816799659281969,,0.10945143099992408,0.00019999999999998909,0.9915200000000001,0.9924747133873515,1.0,0.8816799659281969,0.70282,1.0,0.4477668344974518
native_guide,10,1.0,12.15261538028717,0.8513970747590065,,0.10776039745752863,0.45376000000000005,0.98514,0.9929126183173802,1.0,0.8513970747590065,0.73558,1.0,0.40056089162826536
wachter,10,0.2,0.05791795253753662,1.0923278629779816,,0.1095018244689111,0.0,0.9436,0.9895628720682277,1.0,1.0923278629779816,0.7484999999999999,1.0,0.5758027136325836
